train_fraction,train_mse,test_mse
0.2,0.4700370407787394,311.20362683018095
0.4,4.922372826891921,41.170474528055585
0.6,2.486047759804443,0.7394403031021599
0.8,2.050203358992471,1.4753520663489619
