{
  "clusters": {
    "(0, 1)": [
      "Austria",
      "Belgium",
      "Denmark",
      "Netherlands"
    ],
    "(2, 2)": [
      "Bulgaria",
      "Croatia",
      "Estonia",
      "Ukraine"
    ],
    "(0, 2)": [
      "Czech Republic",
      "Slovenia"
    ],
    "(2, 0)": [
      "Finland",
      "Italy",
      "Spain",
      "United Kingdom"
    ],
    "(1, 0)": [
      "Germany",
      "Ireland",
      "Sweden"
    ],
    "(2, 1)": [
      "Greece",
      "Poland",
      "Portugal"
    ],
    "(1, 2)": [
      "Hungary",
      "Latvia",
      "Lithuania",
      "Slovakia"
    ],
    "(0, 0)": [
      "Iceland",
      "Luxembourg",
      "Norway",
      "Switzerland"
    ]
  },
  "grid_size": 3,
  "total_clusters": 8,
  "timestamp": "20251018_135833",
  "weights": [
    [
      [
        -0.06212052844206299,
        0.7965026780462823,
        -0.46065327309790105,
        0.6885755874513256,
        -0.47212544936140327,
        0.6247545910652021,
        -0.7038246048531611
      ],
      [
        -0.4166186579470293,
        0.6743812622796861,
        -0.5394681584288631,
        0.4438026337143817,
        -0.4706322476493792,
        0.4358299415969909,
        -0.6754531365546446
      ],
      [
        -0.4941851710742182,
        -0.11249415399780069,
        -0.11124923717901941,
        -0.15163737943276334,
        -0.3101188454950778,
        -0.23698413429925672,
        -0.07973703375657823
      ]
    ],
    [
      [
        0.3897001838909457,
        0.6742639287805164,
        -0.35591200604196505,
        0.7059298107216037,
        -0.23604323459646234,
        0.7190751658812511,
        -0.3240886812844175
      ],
      [
        -0.09624871342767159,
        -0.0741679591426585,
        0.02215867774984982,
        0.10708099071401445,
        0.02084765593583043,
        -0.036316908973662305,
        0.061018670481115214
      ],
      [
        -0.23735542030103113,
        -0.7411849214160988,
        0.3772465318292744,
        -0.9185784997917579,
        0.03537524873110313,
        -0.7829835442014004,
        0.4048464509518268
      ]
    ],
    [
      [
        0.5526260707422356,
        0.016733018999981253,
        -0.0017255232368463258,
        0.4460055087277451,
        0.4169645514551804,
        0.25990534157160694,
        0.291837723754399
      ],
      [
        0.3438994644537317,
        -0.553939383880094,
        0.5051148297196668,
        -0.4042994103047264,
        0.6482585770940734,
        -0.36995766534902524,
        0.5395611612076915
      ],
      [
        -0.11816535798305065,
        -0.8428495973871628,
        0.607212977756069,
        -0.8778448875813322,
        0.43021034340560693,
        -0.7329797246611834,
        0.6104379252062124
      ]
    ]
  ]
}